{
    "walk": 
    {
        "start_frame": 0, "num_frames": 8,
        "actions":
        [
            {"frame_index": 1, "action": "footstep"},
            {"frame_index": 6, "action": "footstep"}
        ]
    },
    "run": 
    {
        "start_frame": 8, "num_frames": 8,
        "actions":
        [
            {"frame_index": 1, "action": "footstep"},
            {"frame_index": 5, "action": "footstep"}
        ]
    },
    "exit_car": 
    {
        "start_frame": 16, "num_frames": 8
    },
    "enter_car":
    {
        "frames": [
            26, 26, 26,
            25, 25,
            29, 30, 31, 32, 33
        ]
    },
    "sitting_in_car":
    {
        "start_frame": 97, "num_frames": 1, "fps": 1.0
    },
    "exit_bike":
    {
        "start_frame": 85, "num_frames": 4
    },
    "enter_bike":
    {
        "start_frame": 80, "num_frames": 4
    },
    "sitting_on_bike":
    {
        "start_frame": 84, "num_frames": 1, "fps": 1.0
    },
    "fall_long":
    {
        "start_frame": 38, "num_frames": 3
    },
    "slide_under_the_car":
    {
        "start_frame": 41, "num_frames": 1, "fps": 1.0
    },
    "standing_still":
    {
        "start_frame": 98, "num_frames": 1, "fps": 1.0
    },
    "jump_onto_car":
    {
        "start_frame": 91, "num_frames": 3, "fps": 12.0
    },
    "slide_on_car":
    {
        "start_frame": 94, "num_frames": 1, "fps": 8.0
    },
    "drop_off_car_sliding":
    {
        "start_frame": 95, "num_frames": 2, "fps": 12.0
    },
    "fall_short":
    {
        "start_frame": 38, "num_frames": 2, "fps": 8.0
    },
    "lies_on_floor":
    {
        "start_frame": 42, "num_frames": 1, "fps": 1.0
    },
    "drowning":
    {
        "start_frame": 47, "num_frames": 1, "fps": 1.0
    },
    "punching_while_standing":
    {
        "start_frame": 50, "num_frames": 6
    },
    "punching_while_running":
    {
        "start_frame": 181, "num_frames": 8,
        "actions":
        [
            {"frame_index": 1, "action": "footstep"},
            {"frame_index": 5, "action": "footstep"}
        ]
    },
    "shoot_pistol_while_standing":
    {
        "start_frame": 89, "num_frames": 1, "fps": 1.0
    },
    "shoot_pistol_while_walking":
    {
        "start_frame": 99, "num_frames": 8,
        "actions":
        [
            {"frame_index": 1, "action": "footstep"},
            {"frame_index": 6, "action": "footstep"}
        ]
    },
    "shoot_pistol_while_running":
    {
        "start_frame": 107, "num_frames": 8,
        "actions":
        [
            {"frame_index": 1, "action": "footstep"},
            {"frame_index": 5, "action": "footstep"}
        ]
    },
    "shoot_machinegun_while_standing":
    {
        "start_frame": 152, "num_frames": 2
    },
    "shoot_machinegun_while_walking":
    {
        "start_frame": 136, "num_frames": 8,
        "actions":
        [
            {"frame_index": 1, "action": "footstep"},
            {"frame_index": 6, "action": "footstep"}
        ]
    },
    "shoot_machinegun_while_running":
    {
        "start_frame": 144, "num_frames": 8,
        "actions":
        [
            {"frame_index": 1, "action": "footstep"},
            {"frame_index": 5, "action": "footstep"}
        ]
    },
    "shoot_flamethrower_while_standing":
    {
        "start_frame": 134, "num_frames": 2
    },
    "shoot_flamethrower_while_walking":
    {
        "start_frame": 118, "num_frames": 8,
        "actions":
        [
            {"frame_index": 1, "action": "footstep"},
            {"frame_index": 6, "action": "footstep"}
        ]
    },
    "shoot_flamethrower_while_running":
    {
        "start_frame": 126, "num_frames": 8,
        "actions":
        [
            {"frame_index": 1, "action": "footstep"},
            {"frame_index": 5, "action": "footstep"}
        ]
    },
    "shoot_rpg_while_standing":
    {
        "start_frame": 170, "num_frames": 2
    },
    "shoot_rpg_while_walking":
    {
        "start_frame": 154, "num_frames": 8,
        "actions":
        [
            {"frame_index": 1, "action": "footstep"},
            {"frame_index": 6, "action": "footstep"}
        ]
    },
    "shoot_rpg_while_running":
    {
        "start_frame": 162, "num_frames": 8,
        "actions":
        [
            {"frame_index": 1, "action": "footstep"},
            {"frame_index": 5, "action": "footstep"}
        ]
    },
    "electrocuted":
    {
        "frames": [
            172, 
            173, 174, 
            173, 174,
            173, 174, 
            173, 174,
            173, 174,
            173, 174,
            173, 174,
            173, 174,
            175, 175,
            176, 176
        ], 
        "fps": 10.0
    },
    "lies_on_floor_bones":
    {
        "start_frame": 176, "num_frames": 1, "fps": 1.0
    }
}