[
    {
        "weapon_type": "fists",
        "fire_type": "melee",
        // base params
        "base_hit_range": 0.2,
        "base_fire_rate": 2.0
    },

    {
        "weapon_type": "pistol",
        "fire_type": "projectile",
        // projectile data
        "projectile_type": "bullet",
        "projectile_size": 0.025,
        "projectile_speed": 8.0,
        "projectile_object": 74,
        "projectile_hit_effect": 13, // spark
        "projectile_hit_object_sfx": 43, // sound index
        "projectile_offset":
        [
            { "anim": "shoot_pistol_while_standing", "px": [8, 2] },
            { "anim": "shoot_pistol_while_walking", "px": [11, 0] },
            { "anim": "shoot_pistol_while_running", "px": [11, 5] }
        ],
        // base params
        "base_hit_range": 4.5,
        "base_fire_rate": 2.3,
        "base_ammo_limit": 99,
        "shot_sfx": 33, // sound index
        "hud_sprite": 30
    },

    {
        "weapon_type": "machinegun",
        "fire_type": "projectile",
        // projectile data
        "projectile_type": "bullet",
        "projectile_size": 0.025,
        "projectile_speed": 8.0,
        "projectile_object": 74,
        "projectile_hit_effect": 13, // spark
        "projectile_hit_object_sfx": 43, // sound index
        "projectile_offset":
        [
            { "anim": "shoot_machinegun_while_standing", "px": [6, 3] },
            { "anim": "shoot_machinegun_while_walking", "px": [10, 3] },
            { "anim": "shoot_machinegun_while_running", "px": [11, 7] }
        ],
        // base params
        "base_hit_range": 4.5,
        "base_fire_rate": 16.0,
        "base_ammo_limit": 999,
        "shots_per_clip": 5,
        "shot_sfx": 34, // sound index
        "hud_sprite": 31
    },

    {
        "weapon_type": "flamethrower",
        "fire_type": "projectile",
        // projectile data
        "projectile_type": "flame",
        "projectile_size": 0.05,
        "projectile_speed": 3.1,
        "projectile_object": 75,
        "projectile_offset":
        [
            { "anim": "shoot_flamethrower_while_standing", "px": [16, 3] },
            { "anim": "shoot_flamethrower_while_walking", "px": [16, 3] },
            { "anim": "shoot_flamethrower_while_running", "px": [18, 6] }
        ],
        // base params
        "base_hit_range": 1.1,
        "base_fire_rate": 16.0,
        "base_ammo_limit": 999,
        "shots_per_clip": 5,
        "shot_sfx": 35, // sound index
        "hud_sprite": 33
    },

    {
        "weapon_type": "rocket_launcher",
        "fire_type": "projectile",
        // projectile data
        "projectile_type": "missile",
        "projectile_size": 0.03,
        "projectile_speed": 4.4,
        "projectile_object": 31,
        "projectile_offset":
        [
            { "anim": "shoot_rpg_while_standing", "px": [12, 2] },
            { "anim": "shoot_rpg_while_walking", "px": [12, 3] },
            { "anim": "shoot_rpg_while_running", "px": [13, 6] }
        ],
        // base params
        "base_hit_range": 20.0,
        "base_fire_rate": 1.17,
        "base_ammo_limit": 99,
        "shot_sfx": 36, // sound index
        "hud_sprite": 32
    }
]